Technology,Version,Categories,Website,Implies,CPE
Apache HTTP Server,2.4.58,"Web servers ",https://httpd.apache.org/,,cpe:2.3:a:apache:http_server:*:*:*:*:*:*:*:*
Bootstrap,4.5.2,"UI frameworks ",https://getbootstrap.com,,cpe:2.3:a:getbootstrap:bootstrap:*:*:*:*:*:*:*:*
BootstrapCDN,4.5.2,"CDN ",https://www.bootstrapcdn.com/,,
cdnjs,,"CDN ",https://cdnjs.com,"Cloudflare ",
Chart.js,,"JavaScript graphics ",https://www.chartjs.org,,
Cloudflare,,"CDN ",https://www.cloudflare.com,,
Font Awesome,6.0.0,"Font scripts ",https://fontawesome.com/,,
jQuery,3.5.1,"JavaScript libraries ",https://jquery.com,,cpe:2.3:a:jquery:jquery:*:*:*:*:*:*:*:*
jQuery CDN,,"CDN ",https://code.jquery.com/,"jQuery ",
jsDelivr,,"CDN ",https://www.jsdelivr.com/,,
OpenSSL,3.1.3,"Web server extensions ",https://openssl.org,,cpe:2.3:a:openssl:openssl:*:*:*:*:*:*:*:*
PHP,8.2.12,"Programming languages ",https://php.net,,cpe:2.3:a:php:php:*:*:*:*:*:*:*:*
Popper,2.9.1,"Miscellaneous ",https://popper.js.org,,
Windows Server,,"Operating systems ",https://microsoft.com/windowsserver,,
